Feature,Mean_Abs_SHAP,Rank
PM2.5_lag_1,54.502525,1
AQI_lag_1,20.32038,2
PM10_lag_1,5.375925,3
AQI_ewma_7,4.822525,4
AQI_roll_mean_14,4.803221,5
Wind_Speed_lag_1,2.497193,6
PM2.5_lag_2,2.4321547,7
Humidity_lag_1,2.3333943,8
city_Delhi,2.3220377,9
AQI_roll_mean_7,1.9064075,10
CO_lag_1,1.859425,11
AQI_roll_min_7,1.5609006,12
O3_lag_1,1.3205194,13
WindSpeed_roll_mean_7,1.3023432,14
Humidity_roll_mean_7,1.1148256,15
AQI_roll_min_14,1.0688653,16
Humidity_ewma_7,1.0295858,17
AQI_lag_7,0.9967104,18
Temperature_lag_1,0.95597684,19
AQI_lag_2,0.9545722,20
PM2.5_roll_min_7,0.8962326,21
AQI_lag_3,0.82549775,22
NO2_lag_1,0.78675324,23
sin_doy,0.7778704,24
PM10_lag_2,0.6819194,25
SO2_roll_mean_7,0.6251753,26
PM10_roll_mean_7,0.54339284,27
SO2_lag_1,0.5095615,28
PM2.5_roll_std_14,0.48627374,29
AQI_roll_max_14,0.45636776,30
city_Bengaluru,0.4541946,31
PM2.5_ewma_7,0.44527745,32
NO2_roll_mean_7,0.38643745,33
Temp_roll_mean_7,0.37490085,34
PM2.5_roll_mean_7,0.35135484,35
Temp_ewma_7,0.33486938,36
PM2.5_roll_mean_14,0.31634125,37
day_of_week,0.31558225,38
SO2_ewma_7,0.3130712,39
PM2.5_roll_max_7,0.28041783,40
PM2.5_roll_std_7,0.27975303,41
AQI_roll_std_14,0.27465618,42
cos_dow,0.2539914,43
PM10_ewma_7,0.24578454,44
cos_doy,0.23810592,45
Temp_roll_std_7,0.23017906,46
AQI_roll_std_7,0.2159517,47
day_of_year,0.21565455,48
AQI_roll_max_7,0.21063837,49
CO_roll_mean_7,0.20002657,50
O3_ewma_7,0.18529658,51
CO_ewma_7,0.17557634,52
month,0.16389199,53
O3_roll_mean_7,0.16173403,54
NO2_ewma_7,0.15667228,55
sin_month,0.13340653,56
sin_dow,0.081383415,57
cos_month,0.058156203,58
city_Gurugram,0.038312543,59
city_Hyderabad,0.02968114,60
is_weekend,0.010707568,61
season,0.0061535756,62
city_Patna,0.0,63
city_Lucknow,0.0,64
city_Chennai,0.0,65
