feature,mean_abs_shap
PM2.5_lag_1,42.381664
AQI_lag_1,40.30552
PM10_lag_1,16.123158
Humidity_lag_1,4.2778597
AQI_roll_min_7,3.8672698
Wind_Speed_lag_2,3.1918
NO2_lag_1,3.1116655
Wind_Speed_lag_1,2.8053515
AQI_ewma_7,2.305702
AQI_roll_mean_7,2.27679
PM10_lag_2,1.9587697
AQI_roll_min_14,1.784543
PM2.5_lag_2,1.674518
CO_lag_7,1.5444711
CO_lag_1,1.5002586
Humidity_roll_std_7,1.48675
Temperature_lag_3,1.1475658
O3_lag_1,1.1175638
AQI_roll_max_14,1.1169652
AQI_lag_3,1.0745337
Humidity_roll_std_14,1.0402683
Wind_Speed_roll_std_7,0.9483653
AQI_roll_mean_14,0.8422699
NO2_roll_std_7,0.78568363
Temperature_lag_2,0.75509053
NO2_roll_max_7,0.7434986
PM10_lag_3,0.6775133
CO_lag_2,0.67666817
cos_month,0.66907406
NO2_roll_std_14,0.6358211
NO2_roll_min_7,0.62669104
Temperature_lag_1,0.6233288
Temperature_lag_7,0.5882182
PM2.5_lag_3,0.5850771
PM10_roll_min_14,0.553995
PM10_roll_std_14,0.5467308
cos_dow,0.5187302
day_of_year,0.5005104
NO2_lag_2,0.50043815
PM2.5_roll_mean_14,0.49383903
Temperature_roll_min_14,0.49268982
AQI_lag_2,0.49220097
SO2_lag_1,0.48489156
sin_day_of_year,0.46973154
Humidity_lag_3,0.45695347
NO2_roll_min_14,0.4550638
NO2_lag_3,0.45175686
Temperature_roll_max_14,0.4305878
PM10_ewma_7,0.4226496
AQI_lag_7,0.41979575
Humidity_roll_mean_14,0.41589054
cos_day_of_year,0.40710682
O3_lag_7,0.38647228
Wind_Speed_roll_mean_14,0.37743556
Temperature_roll_std_14,0.3771301
PM10_roll_min_7,0.3748501
CO_lag_3,0.3737876
PM2.5_roll_std_14,0.3573033
AQI_roll_max_7,0.34965247
Humidity_roll_mean_7,0.34917483
Humidity_roll_max_14,0.34888795
O3_lag_2,0.33626986
Temperature_roll_std_7,0.33090478
Wind_Speed_roll_max_14,0.3233258
PM10_roll_mean_7,0.3225461
Wind_Speed_lag_3,0.3133403
PM2.5_ewma_7,0.30249843
NO2_ewma_7,0.30169475
PM2.5_roll_min_7,0.30096024
Temperature_roll_mean_7,0.29566175
SO2_lag_3,0.29469606
Wind_Speed_roll_std_14,0.29234037
SO2_lag_7,0.27615124
PM2.5_lag_7,0.27238593
O3_lag_3,0.26513728
Wind_Speed_ewma_7,0.26278734
Humidity_lag_2,0.2587554
Temperature_roll_max_7,0.24572805
PM10_roll_max_14,0.23588103
Humidity_roll_min_14,0.23213555
AQI_roll_std_14,0.23191172
Humidity_roll_max_7,0.2243821
day_of_week,0.22256222
sin_month,0.22146781
PM2.5_roll_std_7,0.21931376
Wind_Speed_roll_min_7,0.21500057
PM2.5_roll_mean_7,0.2113375
Humidity_lag_7,0.20806251
Temperature_roll_mean_14,0.19760157
month,0.19646864
PM10_roll_max_7,0.193896
AQI_roll_std_7,0.18770307
Humidity_ewma_7,0.18679288
NO2_lag_7,0.18464367
Wind_Speed_roll_mean_7,0.17551091
PM10_roll_std_7,0.17052877
Wind_Speed_lag_7,0.16871656
PM10_lag_7,0.16598162
PM2.5_roll_max_14,0.16563047
PM10_roll_mean_14,0.16237494
Wind_Speed_roll_max_7,0.16200161
NO2_roll_max_14,0.15569243
Wind_Speed_roll_min_14,0.1496312
SO2_lag_2,0.13713343
Temperature_ewma_7,0.12962115
sin_dow,0.12517366
PM2.5_roll_min_14,0.12299794
PM2.5_roll_max_7,0.11701917
NO2_roll_mean_14,0.112907454
Temperature_roll_min_7,0.111656465
NO2_roll_mean_7,0.09239725
Humidity_roll_min_7,0.09238467
is_weekend,0.010714449
season,0.0023110919
