RMSE,MAE,MAPE,R2,City,Model
10.48,7.87,9.82,0.7219,Bengaluru,XGBoost
11.16,8.22,10.29,0.6848,Bengaluru,ExtraTrees
28.21,24.16,34.63,-1.0159,Bengaluru,BiLSTM
31.25,27.37,39.19,-1.4735,Bengaluru,BiGRU
11.12,8.0,9.45,0.6867,Bengaluru,TCN
14.85,11.83,15.09,0.4417,Bengaluru,SE-1
28.01,25.14,32.49,-0.9866,Bengaluru,SE-2
21.58,14.04,15.42,0.6791,Chennai,XGBoost
22.1,13.95,15.68,0.6634,Chennai,ExtraTrees
40.27,29.95,36.71,-0.1171,Chennai,BiLSTM
41.77,32.39,40.57,-0.2022,Chennai,BiGRU
28.98,17.97,17.01,0.4212,Chennai,TCN
22.91,16.67,19.84,0.6382,Chennai,SE-1
34.24,28.93,36.31,0.1923,Chennai,SE-2
34.9,26.09,14.06,0.9176,Delhi,XGBoost
39.22,28.89,15.66,0.8959,Delhi,ExtraTrees
168.44,121.21,43.18,-0.9208,Delhi,BiLSTM
165.64,118.46,42.22,-0.8574,Delhi,BiGRU
60.35,45.85,20.13,0.7534,Delhi,TCN
39.31,29.68,16.46,0.8954,Delhi,SE-1
48.9,39.58,26.17,0.8381,Delhi,SE-2
37.71,26.55,15.43,0.8647,Gurugram,XGBoost
38.34,27.07,16.2,0.8601,Gurugram,ExtraTrees
133.91,92.66,39.21,-0.7063,Gurugram,BiLSTM
131.32,90.11,38.28,-0.6409,Gurugram,BiGRU
54.91,40.38,19.68,0.713,Gurugram,TCN
38.61,27.84,17.03,0.8581,Gurugram,SE-1
50.6,41.82,29.35,0.7564,Gurugram,SE-2
13.21,10.13,13.57,0.8617,Hyderabad,XGBoost
14.83,11.65,15.44,0.8256,Hyderabad,ExtraTrees
38.07,33.71,49.14,-0.1495,Hyderabad,BiLSTM
39.73,35.45,52.83,-0.252,Hyderabad,BiGRU
15.25,11.64,14.54,0.8155,Hyderabad,TCN
17.99,14.82,20.58,0.7434,Hyderabad,SE-1
37.28,33.38,42.88,-0.1023,Hyderabad,SE-2
37.21,26.92,15.96,0.88,Patna,XGBoost
31.63,22.18,12.14,0.9133,Patna,ExtraTrees
150.52,112.24,44.31,-0.9647,Patna,BiLSTM
147.69,109.49,43.39,-0.8914,Patna,BiGRU
68.98,51.58,22.77,0.5874,Patna,TCN
40.4,30.39,18.56,0.8585,Patna,SE-1
51.02,38.99,28.27,0.7743,Patna,SE-2
