Date,Temperature,Humidity,Wind_Speed
2015-01-01,16.3,68,6.6
2015-01-02,15.3,83,7.0
2015-01-03,15.6,84,5.1
2015-01-04,14.4,78,10.2
2015-01-05,14.3,74,18.7
2015-01-06,15.1,75,12.7
2015-01-07,13.8,79,6.9
2015-01-08,13.0,80,6.9
2015-01-09,12.4,83,6.4
2015-01-10,11.9,81,9.4
2015-01-11,11.7,84,8.4
2015-01-12,11.3,87,4.7
2015-01-13,11.2,87,8.3
2015-01-14,12.9,85,12.1
2015-01-15,12.0,84,5.6
2015-01-16,13.3,78,7.2
2015-01-17,13.8,79,7.9
2015-01-18,13.7,76,6.9
2015-01-19,13.1,75,5.6
2015-01-20,12.7,79,8.5
2015-01-21,12.6,81,11.7
2015-01-22,12.8,87,9.9
2015-01-23,14.1,83,5.9
2015-01-24,14.4,80,8.2
2015-01-25,13.7,75,6.8
2015-01-26,13.3,74,6.4
2015-01-27,12.9,69,10.4
2015-01-28,11.4,74,11.6
2015-01-29,11.0,68,10.2
2015-01-30,11.8,66,12.0
2015-01-31,13.1,65,11.8
2015-02-01,13.9,74,8.2
2015-02-02,15.8,75,14.7
2015-02-03,17.0,78,11.8
2015-02-04,13.9,86,10.7
2015-02-05,14.1,76,11.1
2015-02-06,13.5,72,5.9
2015-02-07,14.8,69,5.8
2015-02-08,15.3,73,6.5
2015-02-09,15.8,71,9.7
2015-02-10,15.1,67,10.3
2015-02-11,14.8,64,7.7
2015-02-12,15.2,69,8.5
2015-02-13,16.7,63,10.5
2015-02-14,18.8,63,6.3
2015-02-15,18.4,71,4.9
2015-02-16,19.8,70,14.0
2015-02-17,20.4,74,10.8
2015-02-18,19.7,77,7.2
2015-02-19,20.1,78,11.9
2015-02-20,21.2,74,10.6
2015-02-21,20.7,75,11.3
2015-02-22,20.6,69,15.9
2015-02-23,20.2,77,6.7
2015-02-24,21.0,79,7.8
2015-02-25,21.5,79,10.5
2015-02-26,18.7,69,7.5
2015-02-27,17.0,68,9.0
2015-02-28,18.2,56,9.4
2015-03-01,17.1,83,20.8
2015-03-02,16.3,93,15.7
2015-03-03,15.7,86,5.7
2015-03-04,15.2,72,9.6
2015-03-05,16.5,70,5.6
2015-03-06,18.2,70,7.3
2015-03-07,18.3,76,6.8
2015-03-08,18.3,79,10.6
2015-03-09,16.6,70,11.8
2015-03-10,16.1,69,10.6
2015-03-11,17.4,70,9.2
2015-03-12,18.5,67,8.6
2015-03-13,19.0,76,5.9
2015-03-14,20.0,79,8.2
2015-03-15,18.2,88,12.3
2015-03-16,18.2,87,11.7
2015-03-17,19.3,76,11.7
2015-03-18,18.9,70,13.2
2015-03-19,19.2,69,8.1
2015-03-20,20.3,67,9.0
2015-03-21,22.0,69,7.4
2015-03-22,23.2,63,11.5
2015-03-23,24.0,62,10.6
2015-03-24,24.2,64,7.0
2015-03-25,25.2,61,6.4
2015-03-26,26.8,58,5.3
2015-03-27,27.3,56,7.3
2015-03-28,25.6,52,6.1
2015-03-29,25.7,52,13.6
2015-03-30,22.2,75,17.5
2015-03-31,23.0,70,8.1
2015-04-01,24.3,66,6.9
2015-04-02,26.6,56,9.1
2015-04-03,23.5,72,9.2
2015-04-04,20.9,83,5.4
2015-04-05,22.4,68,5.1
2015-04-06,23.8,58,6.9
2015-04-07,22.3,67,6.0
2015-04-08,23.5,62,6.7
2015-04-09,24.0,57,10.9
2015-04-10,25.4,51,10.1
2015-04-11,26.1,49,5.0
2015-04-12,24.4,56,8.0
2015-04-13,23.6,70,10.5
2015-04-14,24.2,70,9.3
2015-04-15,25.6,63,8.4
2015-04-16,26.1,62,7.6
2015-04-17,27.4,56,10.4
2015-04-18,29.6,46,8.8
2015-04-19,31.3,39,6.7
2015-04-20,31.5,38,11.1
2015-04-21,31.0,36,9.8
2015-04-22,30.3,27,11.8
2015-04-23,30.7,24,7.4
2015-04-24,31.4,27,7.2
2015-04-25,29.8,36,16.4
2015-04-26,28.6,49,17.8
2015-04-27,29.6,50,14.5
2015-04-28,29.9,50,11.2
2015-04-29,29.9,46,8.9
2015-04-30,30.6,46,14.2
2015-05-01,30.4,40,11.1
2015-05-02,30.2,29,9.1
2015-05-03,30.3,25,6.9
2015-05-04,30.6,28,7.1
2015-05-05,31.7,28,8.8
2015-05-06,32.7,27,8.8
2015-05-07,33.7,25,11.6
2015-05-08,34.7,18,11.5
2015-05-09,34.1,23,6.5
2015-05-10,33.6,25,9.1
2015-05-11,32.9,34,6.2
2015-05-12,31.2,48,8.1
2015-05-13,30.1,60,6.7
2015-05-14,29.6,58,6.1
2015-05-15,29.8,50,8.3
2015-05-16,30.1,55,4.7
2015-05-17,31.6,47,7.0
2015-05-18,34.6,39,7.5
2015-05-19,34.1,31,9.6
2015-05-20,33.5,31,11.5
2015-05-21,33.6,27,11.1
2015-05-22,34.5,23,11.9
2015-05-23,34.6,22,11.2
2015-05-24,35.1,23,8.2
2015-05-25,35.3,21,10.7
2015-05-26,35.4,18,10.3
2015-05-27,34.0,17,11.0
2015-05-28,34.1,21,7.7
2015-05-29,35.1,26,10.1
2015-05-30,35.0,27,9.8
2015-05-31,34.8,25,10.6
2015-06-01,33.3,30,6.8
2015-06-02,32.1,35,6.4
2015-06-03,31.2,42,11.2
2015-06-04,30.8,48,9.1
2015-06-05,32.8,40,8.7
2015-06-06,33.1,35,10.8
2015-06-07,34.3,31,8.8
2015-06-08,35.5,28,9.0
2015-06-09,36.3,25,18.1
2015-06-10,36.3,33,18.9
2015-06-11,35.8,34,15.0
2015-06-12,35.4,37,13.3
2015-06-13,34.1,38,9.7
2015-06-14,29.0,69,6.2
2015-06-15,29.4,69,6.1
2015-06-16,31.9,60,5.5
2015-06-17,32.7,58,5.1
2015-06-18,34.1,46,5.2
2015-06-19,34.5,48,8.3
2015-06-20,32.8,58,17.0
2015-06-21,32.1,62,11.8
2015-06-22,32.0,62,10.5
2015-06-23,33.1,56,8.3
2015-06-24,31.1,70,7.4
2015-06-25,26.1,92,7.9
2015-06-26,29.8,70,10.6
2015-06-27,31.5,66,13.3
2015-06-28,32.4,64,8.9
2015-06-29,30.5,67,15.0
2015-06-30,28.8,68,8.0
2015-07-01,30.1,70,5.3
2015-07-02,30.8,68,7.0
2015-07-03,32.1,64,12.5
2015-07-04,31.8,64,13.6
2015-07-05,31.5,68,12.3
2015-07-06,29.7,77,8.2
2015-07-07,27.6,84,7.4
2015-07-08,28.2,84,6.0
2015-07-09,27.8,87,4.7
2015-07-10,26.5,93,7.3
2015-07-11,24.9,91,12.5
2015-07-12,25.4,89,10.9
2015-07-13,27.9,80,7.0
2015-07-14,29.5,77,13.4
2015-07-15,30.9,70,15.4
2015-07-16,30.3,69,11.7
2015-07-17,28.1,86,8.0
2015-07-18,29.0,83,5.7
2015-07-19,28.7,84,6.0
2015-07-20,27.5,88,7.5
2015-07-21,28.8,81,9.7
2015-07-22,29.0,82,10.1
2015-07-23,29.4,76,12.5
2015-07-24,28.8,80,9.8
2015-07-25,28.7,81,12.1
2015-07-26,28.2,77,24.3
2015-07-27,27.6,75,15.6
2015-07-28,27.7,75,13.3
2015-07-29,27.4,74,17.0
2015-07-30,27.6,79,13.7
2015-07-31,27.8,76,11.4
2015-08-01,26.8,84,6.7
2015-08-02,27.7,83,3.4
2015-08-03,28.8,81,6.3
2015-08-04,29.1,80,5.6
2015-08-05,28.5,87,4.9
2015-08-06,28.0,87,3.4
2015-08-07,27.7,89,6.3
2015-08-08,25.7,94,6.3
2015-08-09,26.0,93,6.4
2015-08-10,27.5,88,4.4
2015-08-11,27.2,91,8.4
2015-08-12,28.3,83,7.9
2015-08-13,29.1,83,5.2
2015-08-14,28.7,85,5.7
2015-08-15,27.9,88,5.2
2015-08-16,27.3,89,3.5
2015-08-17,28.7,83,4.6
2015-08-18,28.9,84,7.5
2015-08-19,29.0,78,12.4
2015-08-20,29.2,71,13.6
2015-08-21,28.6,73,9.7
2015-08-22,27.9,76,8.1
2015-08-23,28.2,82,5.1
2015-08-24,28.7,76,9.8
2015-08-25,29.6,71,12.8
2015-08-26,30.0,72,10.5
2015-08-27,29.6,79,4.8
2015-08-28,29.3,82,5.7
2015-08-29,30.1,78,6.8
2015-08-30,30.1,75,8.5
2015-08-31,30.1,68,10.8
2015-09-01,29.5,63,11.7
2015-09-02,29.0,59,11.6
2015-09-03,29.1,57,10.3
2015-09-04,29.7,61,7.2
2015-09-05,28.8,60,11.0
2015-09-06,28.7,57,9.9
2015-09-07,29.1,55,10.7
2015-09-08,29.2,58,10.9
2015-09-09,29.4,56,11.3
2015-09-10,29.1,60,9.0
2015-09-11,29.0,61,7.6
2015-09-12,28.9,69,6.8
2015-09-13,29.9,69,5.7
2015-09-14,30.5,62,6.2
2015-09-15,30.2,63,6.6
2015-09-16,30.2,66,7.5
2015-09-17,29.7,72,6.8
2015-09-18,29.3,72,10.1
2015-09-19,28.0,84,7.2
2015-09-20,28.8,83,7.2
2015-09-21,28.1,85,6.8
2015-09-22,28.5,79,11.9
2015-09-23,27.0,75,12.2
2015-09-24,26.9,67,14.0
2015-09-25,26.5,67,11.2
2015-09-26,27.0,66,8.1
2015-09-27,27.8,64,7.4
2015-09-28,26.8,66,7.9
2015-09-29,26.5,63,8.9
2015-09-30,26.5,57,10.9
2015-10-01,26.2,60,7.6
2015-10-02,26.5,57,8.5
2015-10-03,27.4,57,7.6
2015-10-04,28.0,57,5.5
2015-10-05,28.3,55,6.0
2015-10-06,28.3,53,7.6
2015-10-07,28.3,56,7.8
2015-10-08,28.4,54,9.5
2015-10-09,28.3,50,9.0
2015-10-10,28.4,40,10.4
2015-10-11,28.2,46,9.3
2015-10-12,27.8,52,5.8
2015-10-13,27.4,69,10.0
2015-10-14,26.5,74,8.2
2015-10-15,26.6,70,6.4
2015-10-16,27.1,68,6.4
2015-10-17,27.4,66,7.0
2015-10-18,27.9,63,5.4
2015-10-19,27.7,64,6.8
2015-10-20,27.4,55,6.9
2015-10-21,26.2,53,7.2
2015-10-22,24.9,48,8.8
2015-10-23,24.2,49,8.6
2015-10-24,25.0,51,5.4
2015-10-25,25.6,52,11.4
2015-10-26,25.0,57,9.6
2015-10-27,24.0,54,6.2
2015-10-28,20.5,72,7.2
2015-10-29,20.9,65,5.8
2015-10-30,21.4,71,5.5
2015-10-31,22.2,66,4.8
2015-11-01,23.5,64,4.7
2015-11-02,23.5,65,4.5
2015-11-03,23.2,67,5.5
2015-11-04,23.4,65,4.5
2015-11-05,23.0,67,9.8
2015-11-06,23.1,68,5.3
2015-11-07,22.4,73,4.2
2015-11-08,22.9,73,6.8
2015-11-09,23.0,69,6.3
2015-11-10,22.7,66,6.6
2015-11-11,22.2,54,10.8
2015-11-12,22.1,52,10.5
2015-11-13,22.6,59,8.9
2015-11-14,23.2,58,8.9
2015-11-15,23.1,56,4.9
2015-11-16,22.9,53,9.2
2015-11-17,20.4,44,10.4
2015-11-18,19.0,47,8.4
2015-11-19,19.6,53,5.5
2015-11-20,19.3,62,5.7
2015-11-21,19.5,60,5.6
2015-11-22,19.1,62,6.0
2015-11-23,18.8,62,5.3
2015-11-24,19.4,56,8.5
2015-11-25,19.6,50,11.4
2015-11-26,19.9,50,6.5
2015-11-27,19.3,69,7.3
2015-11-28,19.9,68,9.6
2015-11-29,19.6,67,5.6
2015-11-30,20.9,72,5.4
2015-12-01,20.7,69,6.3
2015-12-02,19.6,64,7.0
2015-12-03,18.2,65,9.9
2015-12-04,18.5,63,10.6
2015-12-05,17.8,67,4.8
2015-12-06,18.3,67,4.9
2015-12-07,18.5,71,6.1
2015-12-08,18.6,70,6.2
2015-12-09,18.3,72,9.6
2015-12-10,19.3,73,9.0
2015-12-11,17.7,65,7.8
2015-12-12,14.7,65,9.8
2015-12-13,14.2,63,8.5
2015-12-14,13.7,53,10.7
2015-12-15,13.6,52,11.0
2015-12-16,12.9,57,6.2
2015-12-17,13.2,63,6.9
2015-12-18,13.3,62,9.6
2015-12-19,13.6,60,8.5
2015-12-20,13.2,62,5.6
2015-12-21,13.2,63,5.2
2015-12-22,13.4,68,4.3
2015-12-23,13.0,67,7.6
2015-12-24,12.9,59,12.0
2015-12-25,12.1,53,10.6
2015-12-26,13.7,49,11.7
2015-12-27,15.5,55,11.8
2015-12-28,17.1,54,13.4
2015-12-29,17.1,54,13.2
2015-12-30,16.3,61,7.7
2015-12-31,15.3,66,7.4
2016-01-01,14.9,68,6.1
2016-01-02,14.4,66,7.8
2016-01-03,15.0,63,10.2
2016-01-04,16.1,66,6.0
2016-01-05,18.1,69,5.6
2016-01-06,18.3,75,7.9
2016-01-07,17.8,75,5.8
2016-01-08,17.1,75,9.1
2016-01-09,15.7,63,13.0
2016-01-10,15.6,68,7.8
2016-01-11,16.2,72,5.9
2016-01-12,16.5,71,9.5
2016-01-13,16.0,76,6.3
2016-01-14,14.4,77,5.3
2016-01-15,13.3,75,8.8
2016-01-16,13.1,74,10.3
2016-01-17,12.8,77,4.3
2016-01-18,12.6,78,5.0
2016-01-19,12.6,75,6.2
2016-01-20,12.2,73,7.6
2016-01-21,11.6,75,8.9
2016-01-22,11.5,76,6.1
2016-01-23,12.4,77,5.9
2016-01-24,12.2,78,6.6
2016-01-25,10.8,80,6.9
2016-01-26,13.0,75,4.3
2016-01-27,15.7,74,5.2
2016-01-28,15.8,72,8.0
2016-01-29,17.1,72,5.5
2016-01-30,19.4,73,5.7
2016-01-31,17.4,77,10.7
2016-02-01,15.2,65,10.0
2016-02-02,14.2,58,9.6
2016-02-03,14.5,53,12.4
2016-02-04,14.8,52,11.0
2016-02-05,14.8,58,8.6
2016-02-06,15.8,59,7.9
2016-02-07,15.4,74,9.0
2016-02-08,15.0,74,7.5
2016-02-09,15.9,69,8.3
2016-02-10,16.3,67,6.1
2016-02-11,17.6,56,9.8
2016-02-12,16.6,65,5.4
2016-02-13,16.1,62,10.0
2016-02-14,15.9,65,9.4
2016-02-15,15.7,60,7.7
2016-02-16,15.9,55,7.2
2016-02-17,18.0,54,7.8
2016-02-18,20.5,61,7.9
2016-02-19,22.7,66,5.7
2016-02-20,21.8,75,7.0
2016-02-21,19.3,65,14.7
2016-02-22,18.8,52,15.9
2016-02-23,19.1,54,10.0
2016-02-24,18.6,58,6.1
2016-02-25,19.6,59,8.3
2016-02-26,20.7,59,6.5
2016-02-27,20.6,60,5.5
2016-02-28,21.5,61,6.0
2016-02-29,21.9,62,6.9
2016-03-01,22.5,62,4.6
2016-03-02,23.3,62,5.4
2016-03-03,23.5,60,6.7
2016-03-04,23.8,51,8.1
2016-03-05,22.4,59,12.1
2016-03-06,20.2,75,9.9
2016-03-07,21.3,69,6.6
2016-03-08,21.7,66,8.9
2016-03-09,21.5,63,8.9
2016-03-10,22.5,62,8.5
2016-03-11,23.3,65,9.3
2016-03-12,21.2,77,10.7
2016-03-13,21.2,71,11.9
2016-03-14,20.7,77,7.4
2016-03-15,20.8,66,7.3
2016-03-16,20.8,56,11.4
2016-03-17,22.8,56,9.6
2016-03-18,23.8,59,9.9
2016-03-19,24.0,60,6.3
2016-03-20,24.7,56,7.2
2016-03-21,23.9,45,15.2
2016-03-22,22.5,36,19.8
2016-03-23,23.5,39,13.7
2016-03-24,25.0,47,6.6
2016-03-25,26.5,50,7.9
2016-03-26,25.2,53,13.0
2016-03-27,24.7,45,11.1
2016-03-28,24.5,41,9.5
2016-03-29,25.2,42,9.9
2016-03-30,26.5,45,6.1
2016-03-31,28.0,40,6.9
2016-04-01,29.2,39,10.9
2016-04-02,29.9,41,7.4
2016-04-03,31.2,44,6.7
2016-04-04,30.1,34,8.8
2016-04-05,29.0,37,11.7
2016-04-06,28.4,30,7.6
2016-04-07,27.1,37,11.1
2016-04-08,27.1,38,6.2
2016-04-09,28.9,27,8.2
2016-04-10,29.5,29,8.7
2016-04-11,28.3,33,15.6
2016-04-12,28.0,33,17.5
2016-04-13,29.7,30,17.0
2016-04-14,31.0,29,12.0
2016-04-15,31.9,31,9.6
2016-04-16,32.7,30,10.1
2016-04-17,33.1,26,7.8
2016-04-18,32.5,32,7.2
2016-04-19,31.4,37,6.1
2016-04-20,31.6,26,12.3
2016-04-21,31.9,23,16.1
2016-04-22,31.8,25,7.5
2016-04-23,29.6,24,11.7
2016-04-24,28.8,21,10.2
2016-04-25,30.0,19,9.3
2016-04-26,30.6,23,6.9
2016-04-27,31.0,22,8.4
2016-04-28,31.5,19,10.5
2016-04-29,31.3,19,9.8
2016-04-30,31.2,21,8.3
2016-05-01,32.8,20,10.7
2016-05-02,34.4,19,7.1
2016-05-03,32.2,32,10.3
2016-05-04,30.9,48,12.9
2016-05-05,29.4,50,13.0
2016-05-06,29.2,54,5.5
2016-05-07,30.8,41,6.6
2016-05-08,30.9,45,10.3
2016-05-09,32.1,42,13.3
2016-05-10,32.2,46,13.1
2016-05-11,31.7,51,10.8
2016-05-12,32.5,49,6.7
2016-05-13,34.6,30,7.3
2016-05-14,34.9,30,6.9
2016-05-15,34.9,29,7.3
2016-05-16,35.2,25,10.0
2016-05-17,35.2,22,10.6
2016-05-18,35.3,23,6.9
2016-05-19,34.8,36,13.7
2016-05-20,34.7,43,14.5
2016-05-21,34.0,53,14.7
2016-05-22,34.6,47,10.3
2016-05-23,33.6,52,10.1
2016-05-24,31.7,59,10.6
2016-05-25,31.7,53,7.9
2016-05-26,33.0,49,6.7
2016-05-27,34.8,37,12.0
2016-05-28,34.0,37,13.4
2016-05-29,31.2,54,12.7
2016-05-30,28.8,68,10.5
2016-05-31,31.7,57,7.7
2016-06-01,33.8,48,8.2
2016-06-02,34.9,37,9.6
2016-06-03,34.2,42,7.2
2016-06-04,35.3,45,8.5
2016-06-05,34.4,55,13.1
2016-06-06,34.2,53,12.7
2016-06-07,34.2,52,12.4
2016-06-08,33.9,51,10.6
2016-06-09,34.4,51,11.2
2016-06-10,34.4,50,7.8
2016-06-11,34.2,50,10.1
2016-06-12,33.3,53,9.6
2016-06-13,34.4,47,11.4
2016-06-14,32.3,61,10.1
2016-06-15,31.7,65,6.6
2016-06-16,32.4,61,14.6
2016-06-17,32.6,62,11.2
2016-06-18,31.5,67,12.4
2016-06-19,32.3,64,12.5
2016-06-20,32.8,63,13.3
2016-06-21,30.9,72,13.1
2016-06-22,30.9,69,8.0
2016-06-23,32.8,63,6.5
2016-06-24,33.8,58,7.8
2016-06-25,34.2,59,12.6
2016-06-26,32.4,65,12.0
2016-06-27,32.1,67,9.5
2016-06-28,30.1,77,9.6
2016-06-29,32.1,70,9.2
2016-06-30,33.1,66,7.0
2016-07-01,31.8,73,10.8
2016-07-02,27.8,86,8.4
2016-07-03,26.9,91,7.8
2016-07-04,28.8,81,4.2
2016-07-05,31.0,75,5.5
2016-07-06,30.0,79,7.4
2016-07-07,30.3,76,8.7
2016-07-08,30.8,76,6.1
2016-07-09,30.6,76,7.8
2016-07-10,31.1,75,5.6
2016-07-11,29.3,82,9.4
2016-07-12,29.0,83,9.8
2016-07-13,29.5,80,7.8
2016-07-14,29.0,86,4.3
2016-07-15,28.0,89,5.8
2016-07-16,26.5,95,5.3
2016-07-17,26.0,94,9.1
2016-07-18,28.2,85,8.1
2016-07-19,29.7,78,11.6
2016-07-20,30.8,70,12.0
2016-07-21,31.2,69,10.4
2016-07-22,30.9,73,6.0
2016-07-23,28.8,81,9.7
2016-07-24,28.8,83,6.0
2016-07-25,29.2,84,4.8
2016-07-26,28.0,87,12.2
2016-07-27,27.3,86,12.1
2016-07-28,26.7,89,7.1
2016-07-29,25.8,94,6.5
2016-07-30,26.6,90,6.4
2016-07-31,26.8,89,5.9
2016-08-01,26.9,89,9.9
2016-08-02,27.5,86,10.8
2016-08-03,29.2,79,9.8
2016-08-04,29.6,79,9.6
2016-08-05,30.1,80,7.8
2016-08-06,28.6,85,11.9
2016-08-07,28.9,80,9.8
2016-08-08,29.0,81,11.3
2016-08-09,27.8,85,11.1
2016-08-10,27.3,88,11.1
2016-08-11,26.9,90,7.5
2016-08-12,27.3,89,5.0
2016-08-13,27.8,88,3.5
2016-08-14,27.7,89,6.5
2016-08-15,29.0,80,11.1
2016-08-16,29.5,73,13.5
2016-08-17,28.1,76,6.8
2016-08-18,27.8,87,4.7
2016-08-19,29.0,82,6.1
2016-08-20,28.7,80,13.6
2016-08-21,27.9,78,12.0
2016-08-22,27.9,79,9.7
2016-08-23,28.5,82,7.5
2016-08-24,27.3,85,14.1
2016-08-25,28.4,85,7.4
2016-08-26,28.9,82,4.6
2016-08-27,28.4,86,8.4
2016-08-28,29.0,84,7.5
2016-08-29,27.5,89,5.3
2016-08-30,27.1,88,3.3
2016-08-31,26.8,91,6.1
2016-09-01,27.0,88,5.9
2016-09-02,28.2,80,10.7
2016-09-03,28.2,74,15.5
2016-09-04,28.2,73,13.7
2016-09-05,28.0,72,14.6
2016-09-06,28.3,70,15.6
2016-09-07,28.3,68,12.9
2016-09-08,28.5,68,12.1
2016-09-09,28.8,68,12.4
2016-09-10,29.0,65,13.3
2016-09-11,28.9,64,11.5
2016-09-12,28.8,65,11.3
2016-09-13,29.0,70,6.5
2016-09-14,27.9,79,6.5
2016-09-15,28.7,75,4.7
2016-09-16,29.1,73,5.7
2016-09-17,28.7,73,4.3
2016-09-18,28.7,76,6.6
2016-09-19,29.0,74,3.8
2016-09-20,30.0,67,5.3
2016-09-21,29.6,72,10.2
2016-09-22,27.0,84,13.1
2016-09-23,27.4,78,5.0
2016-09-24,28.1,78,6.0
2016-09-25,27.6,76,6.0
2016-09-26,28.2,75,5.7
2016-09-27,28.5,75,6.1
2016-09-28,29.1,70,5.7
2016-09-29,29.0,74,5.7
2016-09-30,29.1,72,4.3
2016-10-01,29.8,71,5.7
2016-10-02,29.7,73,6.2
2016-10-03,29.3,77,4.9
2016-10-04,29.1,78,4.0
2016-10-05,28.0,81,5.3
2016-10-06,28.2,78,4.4
2016-10-07,28.5,72,6.3
2016-10-08,28.3,65,7.7
2016-10-09,28.1,64,5.7
2016-10-10,27.3,58,7.0
2016-10-11,26.6,52,9.3
2016-10-12,26.4,50,9.5
2016-10-13,26.1,47,9.2
2016-10-14,25.3,47,7.3
2016-10-15,25.4,53,7.3
2016-10-16,25.5,52,7.6
2016-10-17,25.7,52,7.4
2016-10-18,24.8,52,7.2
2016-10-19,24.9,53,6.7
2016-10-20,25.5,42,9.4
2016-10-21,25.9,43,10.9
2016-10-22,25.9,46,11.3
2016-10-23,25.3,49,11.5
2016-10-24,25.2,49,9.7
2016-10-25,25.3,49,10.4
2016-10-26,24.9,55,7.2
2016-10-27,23.9,55,8.8
2016-10-28,23.7,49,7.7
2016-10-29,23.8,50,5.7
2016-10-30,23.3,62,6.4
2016-10-31,23.6,62,5.6
2016-11-01,22.7,64,6.0
2016-11-02,23.1,64,6.2
2016-11-03,23.1,63,5.7
2016-11-04,22.6,63,6.7
2016-11-05,22.5,62,8.4
2016-11-06,22.3,60,7.1
2016-11-07,22.1,57,9.5
2016-11-08,22.4,50,12.9
2016-11-09,21.7,51,9.5
2016-11-10,21.0,59,7.1
2016-11-11,21.0,64,7.4
2016-11-12,21.7,60,7.6
2016-11-13,21.9,58,4.9
2016-11-14,21.9,61,4.7
2016-11-15,21.4,52,6.7
2016-11-16,20.1,52,8.7
2016-11-17,20.1,50,12.5
2016-11-18,20.1,55,10.4
2016-11-19,19.6,58,7.0
2016-11-20,19.7,62,6.4
2016-11-21,20.4,60,7.1
2016-11-22,20.6,53,9.9
2016-11-23,20.7,58,10.5
2016-11-24,20.0,56,10.2
2016-11-25,21.3,43,17.8
2016-11-26,22.0,39,17.4
2016-11-27,21.5,42,14.8
2016-11-28,21.0,41,12.6
2016-11-29,18.7,55,6.2
2016-11-30,19.1,71,8.1
2016-12-01,19.9,75,6.0
2016-12-02,19.3,72,5.8
2016-12-03,18.2,62,6.6
2016-12-04,17.7,59,7.5
2016-12-05,18.0,63,8.1
2016-12-06,18.2,68,5.8
2016-12-07,18.2,72,4.8
2016-12-08,17.8,73,4.2
2016-12-09,18.2,71,4.4
2016-12-10,18.6,74,7.8
2016-12-11,19.2,71,5.7
2016-12-12,18.7,68,7.0
2016-12-13,18.1,72,7.3
2016-12-14,17.4,69,9.3
2016-12-15,16.4,61,11.4
2016-12-16,15.3,64,7.6
2016-12-17,15.3,66,8.0
2016-12-18,15.0,64,8.4
2016-12-19,15.3,63,11.1
2016-12-20,17.2,57,16.7
2016-12-21,17.3,52,14.8
2016-12-22,16.5,60,7.5
2016-12-23,16.7,68,3.2
2016-12-24,16.1,73,9.6
2016-12-25,16.2,78,9.1
2016-12-26,16.1,73,11.5
2016-12-27,15.7,63,10.2
2016-12-28,15.8,68,6.3
2016-12-29,15.8,76,8.7
2016-12-30,16.0,80,9.1
2016-12-31,15.6,79,9.3
2017-01-01,15.7,80,9.1
2017-01-02,15.5,82,7.0
2017-01-03,16.1,75,5.2
2017-01-04,16.6,74,5.8
2017-01-05,16.7,78,6.6
2017-01-06,16.8,77,10.8
2017-01-07,14.6,87,10.7
2017-01-08,13.6,81,8.0
2017-01-09,13.0,72,9.5
2017-01-10,11.0,60,10.9
2017-01-11,9.7,58,10.7
2017-01-12,10.1,64,8.9
2017-01-13,10.5,66,9.2
2017-01-14,11.3,64,7.5
2017-01-15,13.8,63,6.7
2017-01-16,14.5,62,11.6
2017-01-17,10.7,76,9.7
2017-01-18,11.5,73,8.8
2017-01-19,12.9,66,13.5
2017-01-20,12.0,68,12.3
2017-01-21,13.2,66,9.5
2017-01-22,15.7,73,8.0
2017-01-23,16.3,71,9.2
2017-01-24,16.9,71,6.7
2017-01-25,18.4,75,12.9
2017-01-26,16.3,90,11.8
2017-01-27,14.7,81,12.9
2017-01-28,14.2,82,10.0
2017-01-29,14.9,82,12.4
2017-01-30,14.8,84,7.3
2017-01-31,15.6,84,6.9
2017-02-01,14.7,81,9.0
2017-02-02,14.7,79,6.3
2017-02-03,14.7,82,6.9
2017-02-04,16.8,79,14.6
2017-02-05,17.7,79,13.0
2017-02-06,16.2,78,10.7
2017-02-07,14.3,73,11.4
2017-02-08,14.8,73,8.2
2017-02-09,14.7,72,10.9
2017-02-10,14.5,68,12.4
2017-02-11,14.0,70,8.1
2017-02-12,15.0,72,7.6
2017-02-13,15.8,68,9.3
2017-02-14,16.4,65,10.5
2017-02-15,17.6,65,9.7
2017-02-16,19.9,61,12.7
2017-02-17,20.1,64,12.0
2017-02-18,20.6,66,10.2
2017-02-19,21.5,62,8.9
2017-02-20,22.4,63,7.6
2017-02-21,19.4,64,10.3
2017-02-22,18.9,57,8.9
2017-02-23,17.9,44,13.8
2017-02-24,18.3,37,17.7
2017-02-25,19.3,39,16.9
2017-02-26,18.8,46,13.2
2017-02-27,19.4,48,11.2
2017-02-28,22.0,47,5.6
2017-03-01,22.2,56,7.3
2017-03-02,20.3,62,7.4
2017-03-03,19.7,46,10.3
2017-03-04,18.4,43,11.4
2017-03-05,18.8,43,13.4
2017-03-06,19.4,43,11.9
2017-03-07,20.5,46,8.0
2017-03-08,20.5,50,11.3
2017-03-09,19.1,64,9.6
2017-03-10,17.1,77,11.1
2017-03-11,16.1,76,10.0
2017-03-12,15.9,63,9.6
2017-03-13,16.2,53,11.7
2017-03-14,17.5,53,8.2
2017-03-15,18.9,54,9.7
2017-03-16,20.3,52,8.3
2017-03-17,19.8,56,11.4
2017-03-18,20.5,50,8.8
2017-03-19,21.5,55,7.8
2017-03-20,21.8,56,11.7
2017-03-21,23.5,48,11.9
2017-03-22,25.5,48,12.3
2017-03-23,25.8,50,7.8
2017-03-24,26.0,47,12.2
2017-03-25,25.4,41,12.8
2017-03-26,26.7,38,15.1
2017-03-27,28.4,40,16.9
2017-03-28,28.9,43,12.0
2017-03-29,29.7,39,14.2
2017-03-30,29.8,36,13.6
2017-03-31,30.0,39,10.8
2017-04-01,29.8,35,12.9
2017-04-02,29.4,29,13.4
2017-04-03,29.1,31,10.6
2017-04-04,29.0,32,10.5
2017-04-05,28.3,41,20.4
2017-04-06,28.7,40,17.5
2017-04-07,26.4,40,10.2
2017-04-08,25.5,24,10.2
2017-04-09,25.6,22,17.4
2017-04-10,25.9,22,20.5
2017-04-11,28.1,24,19.1
2017-04-12,29.5,26,15.6
2017-04-13,30.3,27,8.8
2017-04-14,30.9,28,8.6
2017-04-15,31.3,27,10.2
2017-04-16,31.0,31,8.7
2017-04-17,31.9,38,10.7
2017-04-18,32.7,35,8.8
2017-04-19,33.7,20,11.2
2017-04-20,33.7,25,9.7
2017-04-21,33.3,38,10.8
2017-04-22,32.5,47,8.6
2017-04-23,31.4,38,10.8
2017-04-24,30.4,31,11.6
2017-04-25,30.5,24,13.3
2017-04-26,29.9,23,10.3
2017-04-27,30.6,24,8.4
2017-04-28,30.4,29,9.5
2017-04-29,30.8,30,7.1
2017-04-30,30.0,34,12.1
2017-05-01,29.9,31,7.4
2017-05-02,31.9,22,5.7
2017-05-03,31.6,25,8.9
2017-05-04,31.6,25,12.9
2017-05-05,31.7,26,10.4
2017-05-06,33.2,24,9.2
2017-05-07,34.5,23,8.6
2017-05-08,34.2,23,8.1
2017-05-09,33.7,32,13.4
2017-05-10,32.3,44,14.5
2017-05-11,33.6,38,10.6
2017-05-12,33.1,37,9.1
2017-05-13,33.6,33,9.4
2017-05-14,35.0,23,9.9
2017-05-15,35.2,22,9.6
2017-05-16,33.8,28,11.8
2017-05-17,31.1,40,8.0
2017-05-18,31.5,43,9.5
2017-05-19,33.1,38,8.3
2017-05-20,33.1,31,8.0
2017-05-21,32.4,34,9.5
2017-05-22,30.7,44,7.1
2017-05-23,31.5,42,9.4
2017-05-24,33.0,40,8.8
2017-05-25,33.5,39,8.0
2017-05-26,35.4,33,10.5
2017-05-27,32.9,46,15.7
2017-05-28,32.4,51,16.8
2017-05-29,29.9,57,13.8
2017-05-30,30.0,61,7.3
2017-05-31,30.9,57,12.4
2017-06-01,31.4,55,7.4
2017-06-02,32.6,43,8.9
2017-06-03,35.2,35,12.2
2017-06-04,37.3,26,16.4
2017-06-05,37.9,29,19.3
2017-06-06,36.8,36,16.4
2017-06-07,31.7,57,13.0
2017-06-08,31.4,57,6.4
2017-06-09,31.0,55,6.4
2017-06-10,32.2,51,6.4
2017-06-11,32.1,46,7.0
2017-06-12,32.8,42,10.6
2017-06-13,33.7,37,9.8
2017-06-14,34.4,35,12.2
2017-06-15,32.9,48,10.6
2017-06-16,31.0,49,6.6
2017-06-17,30.5,61,7.2
2017-06-18,30.8,66,8.7
2017-06-19,31.4,65,11.7
2017-06-20,29.7,70,5.6
2017-06-21,28.7,71,10.0
2017-06-22,29.1,68,8.3
2017-06-23,29.3,71,7.5
2017-06-24,31.6,60,4.5
2017-06-25,33.1,58,8.2
2017-06-26,33.5,60,11.5
2017-06-27,32.9,62,11.6
2017-06-28,29.4,80,12.7
2017-06-29,27.8,85,12.6
2017-06-30,27.8,86,7.8
2017-07-01,28.6,85,5.8
2017-07-02,27.9,86,9.3
2017-07-03,29.2,82,6.1
2017-07-04,30.8,75,14.9
2017-07-05,30.8,71,12.3
2017-07-06,30.1,72,8.5
2017-07-07,29.9,75,9.2
2017-07-08,31.0,72,8.0
2017-07-09,32.2,64,11.0
2017-07-10,32.0,60,13.5
2017-07-11,30.4,69,9.8
2017-07-12,28.2,78,12.1
2017-07-13,29.2,72,12.9
2017-07-14,29.7,73,13.5
2017-07-15,29.5,76,12.7
2017-07-16,29.8,79,9.4
2017-07-17,29.7,80,8.3
2017-07-18,30.2,79,6.6
2017-07-19,31.5,73,6.3
2017-07-20,29.4,78,11.0
2017-07-21,29.7,76,12.2
2017-07-22,28.4,79,18.3
2017-07-23,28.0,82,17.9
2017-07-24,27.6,84,15.1
2017-07-25,27.7,83,13.8
2017-07-26,28.7,80,10.5
2017-07-27,29.4,75,11.9
2017-07-28,29.1,76,14.2
2017-07-29,28.9,77,17.1
2017-07-30,28.5,80,9.2
2017-07-31,27.3,87,7.2
2017-08-01,26.8,90,10.5
2017-08-02,28.2,83,9.8
2017-08-03,28.9,77,14.0
2017-08-04,29.1,74,11.0
2017-08-05,29.8,72,6.9
2017-08-06,29.5,79,6.9
2017-08-07,28.4,87,5.4
2017-08-08,28.6,86,4.9
2017-08-09,27.9,89,5.4
2017-08-10,28.8,81,11.6
2017-08-11,30.2,70,18.5
2017-08-12,30.0,69,20.6
2017-08-13,29.8,71,15.4
2017-08-14,29.7,69,8.1
2017-08-15,29.8,71,9.4
2017-08-16,30.4,67,12.6
2017-08-17,31.1,64,12.8
2017-08-18,31.1,65,10.8
2017-08-19,28.2,83,13.4
2017-08-20,29.6,74,13.1
2017-08-21,29.2,78,11.8
2017-08-22,28.8,81,8.3
2017-08-23,28.0,86,8.3
2017-08-24,28.6,84,5.9
2017-08-25,28.1,86,5.6
2017-08-26,27.6,88,4.9
2017-08-27,28.6,83,6.3
2017-08-28,27.4,84,13.6
2017-08-29,27.9,80,15.0
2017-08-30,28.2,81,14.9
2017-08-31,26.4,90,10.0
2017-09-01,26.5,88,10.0
2017-09-02,25.7,88,9.8
2017-09-03,27.5,80,6.4
2017-09-04,28.6,78,10.3
2017-09-05,28.5,77,10.1
2017-09-06,28.7,76,7.3
2017-09-07,27.4,84,6.6
2017-09-08,28.2,81,6.2
2017-09-09,28.7,76,8.2
2017-09-10,29.8,73,5.9
2017-09-11,29.7,72,6.9
2017-09-12,29.4,71,7.2
2017-09-13,29.8,69,6.5
2017-09-14,29.5,73,6.1
2017-09-15,29.3,69,7.8
2017-09-16,28.7,71,6.0
2017-09-17,28.7,69,9.8
2017-09-18,29.1,65,9.5
2017-09-19,29.5,74,5.8
2017-09-20,30.0,67,5.2
2017-09-21,29.1,72,10.7
2017-09-22,25.6,85,11.7
2017-09-23,24.3,91,10.6
2017-09-24,25.3,83,11.3
2017-09-25,27.5,76,10.0
2017-09-26,28.3,71,6.5
2017-09-27,28.4,66,6.4
2017-09-28,28.6,64,6.2
2017-09-29,29.0,64,6.8
2017-09-30,28.8,63,7.6
2017-10-01,28.4,59,6.7
2017-10-02,29.0,57,7.0
2017-10-03,28.1,59,7.9
2017-10-04,28.1,62,7.7
2017-10-05,28.1,65,8.5
2017-10-06,27.9,56,8.9
2017-10-07,27.7,52,6.8
2017-10-08,27.4,62,6.4
2017-10-09,27.9,63,7.7
2017-10-10,27.9,60,6.9
2017-10-11,27.9,59,7.2
2017-10-12,28.2,55,6.8
2017-10-13,28.1,48,7.3
2017-10-14,28.0,51,7.5
2017-10-15,28.0,52,6.6
2017-10-16,27.9,52,7.5
2017-10-17,26.5,51,9.3
2017-10-18,26.2,62,7.8
2017-10-19,27.3,63,6.6
2017-10-20,28.0,58,7.1
2017-10-21,27.1,53,8.5
2017-10-22,27.0,49,8.3
2017-10-23,26.5,55,6.7
2017-10-24,25.5,51,10.2
2017-10-25,25.1,46,7.0
2017-10-26,24.7,51,7.2
2017-10-27,24.0,60,6.4
2017-10-28,24.7,61,6.8
2017-10-29,23.9,61,6.5
2017-10-30,23.4,63,6.4
2017-10-31,24.0,63,4.8
2017-11-01,24.4,61,7.8
2017-11-02,23.9,69,6.5
2017-11-03,23.4,70,6.6
2017-11-04,22.9,73,7.4
2017-11-05,23.9,67,4.8
2017-11-06,23.7,64,6.3
2017-11-07,22.9,71,6.2
2017-11-08,22.9,68,7.1
2017-11-09,22.2,72,7.8
2017-11-10,22.1,68,7.8
2017-11-11,21.3,69,7.5
2017-11-12,21.0,70,7.5
2017-11-13,20.9,70,6.4
2017-11-14,21.1,66,11.9
2017-11-15,20.8,64,9.1
2017-11-16,20.0,66,8.6
2017-11-17,19.9,69,9.4
2017-11-18,20.2,67,10.7
2017-11-19,19.0,52,12.7
2017-11-20,17.0,50,11.6
2017-11-21,16.5,51,11.8
2017-11-22,16.7,51,11.8
2017-11-23,16.6,47,11.6
2017-11-24,16.9,47,9.9
2017-11-25,17.0,52,9.7
2017-11-26,17.0,61,8.4
2017-11-27,17.3,56,11.1
2017-11-28,17.4,58,8.8
2017-11-29,17.8,63,7.3
2017-11-30,17.4,66,7.0
2017-12-01,17.1,60,5.8
2017-12-02,17.3,57,5.2
2017-12-03,17.4,53,4.4
2017-12-04,16.6,61,6.4
2017-12-05,17.3,60,6.4
2017-12-06,17.5,51,8.4
2017-12-07,17.4,37,11.3
2017-12-08,16.7,37,11.8
2017-12-09,16.7,46,7.2
2017-12-10,17.0,60,5.4
2017-12-11,17.2,67,7.0
2017-12-12,16.5,84,5.6
2017-12-13,14.3,83,6.2
2017-12-14,13.6,71,9.0
2017-12-15,13.0,70,12.5
2017-12-16,12.7,63,15.1
2017-12-17,13.7,51,17.0
2017-12-18,15.6,46,17.8
2017-12-19,14.7,59,11.2
2017-12-20,15.3,74,7.6
2017-12-21,16.2,79,8.0
2017-12-22,16.3,66,14.9
2017-12-23,15.7,59,14.0
2017-12-24,15.6,65,5.4
2017-12-25,15.1,70,8.8
2017-12-26,14.4,72,9.8
2017-12-27,15.2,66,6.9
2017-12-28,14.9,71,7.9
2017-12-29,14.1,76,8.1
2017-12-30,14.1,76,6.7
2017-12-31,12.9,75,6.8
2018-01-01,13.1,66,5.9
2018-01-02,13.4,69,5.8
2018-01-03,12.2,74,7.7
2018-01-04,11.8,74,7.0
2018-01-05,12.3,74,6.8
2018-01-06,12.0,76,7.4
2018-01-07,11.9,69,12.0
2018-01-08,12.1,70,10.8
2018-01-09,12.1,71,9.6
2018-01-10,13.3,68,14.3
2018-01-11,13.9,63,14.7
2018-01-12,14.8,58,10.9
2018-01-13,14.0,69,8.1
2018-01-14,13.5,69,9.8
2018-01-15,13.9,63,12.0
2018-01-16,14.6,57,12.1
2018-01-17,13.6,74,10.3
2018-01-18,15.1,76,7.4
2018-01-19,15.6,74,9.1
2018-01-20,14.5,64,11.9
2018-01-21,14.1,57,6.8
2018-01-22,14.1,67,7.8
2018-01-23,13.4,79,11.9
2018-01-24,12.7,82,7.6
2018-01-25,13.1,79,11.6
2018-01-26,12.5,80,8.5
2018-01-27,12.1,77,9.0
2018-01-28,12.8,75,9.1
2018-01-29,13.8,74,10.6
2018-01-30,16.3,68,16.7
2018-01-31,17.6,64,18.4
2018-02-01,17.4,67,10.9
2018-02-02,16.8,72,7.8
2018-02-03,16.3,60,9.1
2018-02-04,14.4,59,11.0
2018-02-05,14.8,56,8.0
2018-02-06,16.0,52,11.5
2018-02-07,14.4,53,12.4
2018-02-08,13.8,60,9.2
2018-02-09,14.4,60,9.1
2018-02-10,16.7,51,6.2
2018-02-11,16.2,57,11.4
2018-02-12,15.8,79,16.6
2018-02-13,15.4,79,7.8
2018-02-14,15.5,66,14.8
2018-02-15,16.8,64,15.6
2018-02-16,17.7,66,11.8
2018-02-17,18.0,67,11.7
2018-02-18,17.6,59,9.7
2018-02-19,17.4,58,7.6
2018-02-20,19.4,60,8.2
2018-02-21,21.4,58,6.9
2018-02-22,21.7,63,7.8
2018-02-23,21.9,69,6.3
2018-02-24,21.1,73,8.5
2018-02-25,21.0,68,9.8
2018-02-26,20.5,63,16.8
2018-02-27,21.5,62,11.4
2018-02-28,21.6,67,8.2
2018-03-01,21.4,65,9.0
2018-03-02,23.1,58,8.8
2018-03-03,22.6,60,7.7
2018-03-04,21.5,59,10.6
2018-03-05,20.4,57,10.0
2018-03-06,20.3,53,12.5
2018-03-07,21.1,52,11.6
2018-03-08,22.3,53,5.2
2018-03-09,22.9,52,8.8
2018-03-10,23.1,48,12.4
2018-03-11,23.3,52,11.6
2018-03-12,23.7,53,10.8
2018-03-13,25.4,49,9.0
2018-03-14,25.8,37,8.7
2018-03-15,23.8,42,9.8
2018-03-16,22.7,48,9.7
2018-03-17,21.9,40,12.3
2018-03-18,22.7,41,11.3
2018-03-19,23.6,41,8.5
2018-03-20,24.3,49,6.5
2018-03-21,23.6,56,10.7
2018-03-22,23.0,56,8.3
2018-03-23,23.0,54,9.4
2018-03-24,24.3,48,10.8
2018-03-25,25.0,44,12.8
2018-03-26,26.0,42,13.6
2018-03-27,26.3,40,9.8
2018-03-28,27.9,37,9.4
2018-03-29,27.2,34,13.4
2018-03-30,26.8,34,14.4
2018-03-31,25.7,47,11.9
2018-04-01,26.5,45,10.7
2018-04-02,28.0,45,8.5
2018-04-03,28.7,44,9.0
2018-04-04,29.2,43,8.3
2018-04-05,28.6,49,6.4
2018-04-06,27.9,52,6.9
2018-04-07,26.9,54,10.6
2018-04-08,26.7,55,13.0
2018-04-09,25.6,62,10.3
2018-04-10,26.7,58,8.6
2018-04-11,25.3,63,12.8
2018-04-12,25.4,61,6.1
2018-04-13,26.2,43,8.5
2018-04-14,27.2,34,10.4
2018-04-15,28.8,35,8.8
2018-04-16,29.2,36,10.5
2018-04-17,29.4,35,8.9
2018-04-18,29.4,28,15.5
2018-04-19,30.0,28,11.5
2018-04-20,30.3,27,16.2
2018-04-21,27.0,34,12.4
2018-04-22,27.5,25,15.0
2018-04-23,28.3,23,13.6
2018-04-24,30.1,20,10.1
2018-04-25,31.8,20,10.2
2018-04-26,32.5,20,9.1
2018-04-27,30.9,43,13.5
2018-04-28,30.7,44,13.3
2018-04-29,30.8,43,9.8
2018-04-30,31.0,42,11.3
2018-05-01,30.5,52,17.7
2018-05-02,29.8,54,17.1
2018-05-03,28.7,58,16.1
2018-05-04,29.0,55,13.5
2018-05-05,30.3,48,7.7
2018-05-06,31.0,38,10.4
2018-05-07,30.5,37,8.6
2018-05-08,27.2,46,9.1
2018-05-09,28.1,44,7.2
2018-05-10,30.2,38,8.3
2018-05-11,32.5,36,9.2
2018-05-12,32.3,42,9.6
2018-05-13,29.6,56,11.7
2018-05-14,30.0,52,8.0
2018-05-15,31.2,50,8.4
2018-05-16,31.9,42,8.1
2018-05-17,32.7,30,8.2
2018-05-18,32.5,32,6.9
2018-05-19,32.1,38,6.5
2018-05-20,32.9,28,10.2
2018-05-21,33.7,17,11.7
2018-05-22,35.5,18,9.8
2018-05-23,34.5,26,10.2
2018-05-24,33.8,30,9.2
2018-05-25,34.6,25,9.3
2018-05-26,34.9,17,9.2
2018-05-27,35.3,19,10.8
2018-05-28,34.8,28,9.2
2018-05-29,34.0,33,12.6
2018-05-30,32.8,49,14.3
2018-05-31,34.3,45,11.1
2018-06-01,33.9,48,18.0
2018-06-02,33.0,49,15.6
2018-06-03,32.9,53,13.3
2018-06-04,34.9,45,16.0
2018-06-05,35.3,45,16.1
2018-06-06,33.4,55,12.3
2018-06-07,34.1,53,8.3
2018-06-08,34.8,52,16.1
2018-06-09,31.5,69,14.0
2018-06-10,31.5,68,6.6
2018-06-11,34.0,52,11.1
2018-06-12,35.5,40,13.5
2018-06-13,36.4,38,16.8
2018-06-14,36.0,37,19.8
2018-06-15,35.5,36,17.8
2018-06-16,34.9,41,14.1
2018-06-17,31.7,58,10.4
2018-06-18,31.1,55,8.2
2018-06-19,32.6,51,8.5
2018-06-20,34.9,45,5.7
2018-06-21,35.4,42,7.4
2018-06-22,36.5,38,5.8
2018-06-23,35.9,39,8.5
2018-06-24,35.6,39,9.2
2018-06-25,36.3,36,13.2
2018-06-26,32.9,52,9.3
2018-06-27,29.2,78,9.0
2018-06-28,28.6,81,14.5
2018-06-29,29.4,76,16.6
2018-06-30,29.6,79,8.5
2018-07-01,30.7,75,10.8
2018-07-02,30.6,72,12.0
2018-07-03,30.6,68,8.6
2018-07-04,29.1,78,8.9
2018-07-05,30.8,71,6.0
2018-07-06,31.1,67,8.2
2018-07-07,31.7,65,7.8
2018-07-08,32.9,61,6.3
2018-07-09,32.9,64,9.6
2018-07-10,32.8,67,11.8
2018-07-11,31.8,72,9.6
2018-07-12,29.6,80,7.9
2018-07-13,29.1,82,8.3
2018-07-14,28.5,85,8.6
2018-07-15,29.4,83,9.4
2018-07-16,29.1,85,9.3
2018-07-17,30.4,80,9.3
2018-07-18,30.1,80,9.8
2018-07-19,30.1,80,6.5
2018-07-20,29.4,84,4.2
2018-07-21,28.4,89,5.5
2018-07-22,27.4,91,4.9
2018-07-23,28.8,86,6.5
2018-07-24,30.0,78,5.0
2018-07-25,28.8,85,6.6
2018-07-26,26.9,91,7.1
2018-07-27,26.8,90,6.6
2018-07-28,28.1,83,12.6
2018-07-29,29.0,82,9.2
2018-07-30,29.2,79,10.4
2018-07-31,29.7,76,11.9
2018-08-01,29.9,74,12.5
2018-08-02,30.5,70,12.0
2018-08-03,30.4,67,13.1
2018-08-04,30.4,66,12.4
2018-08-05,29.1,72,11.8
2018-08-06,26.8,86,5.7
2018-08-07,26.6,91,4.9
2018-08-08,27.9,86,8.4
2018-08-09,29.2,82,8.6
2018-08-10,29.5,83,5.7
2018-08-11,29.8,78,13.7
2018-08-12,28.8,79,9.2
2018-08-13,29.1,77,5.2
2018-08-14,29.3,79,6.3
2018-08-15,29.0,84,7.4
2018-08-16,29.1,85,6.9
2018-08-17,29.4,83,10.1
2018-08-18,29.2,84,7.2
2018-08-19,28.9,87,6.0
2018-08-20,29.2,86,5.3
2018-08-21,29.5,85,6.6
2018-08-22,29.3,84,5.7
2018-08-23,28.3,88,7.6
2018-08-24,28.6,83,10.1
2018-08-25,28.5,79,12.5
2018-08-26,28.6,80,8.4
2018-08-27,27.5,89,4.2
2018-08-28,27.6,88,7.4
2018-08-29,28.0,89,5.9
2018-08-30,29.0,85,6.2
2018-08-31,29.5,81,8.8
2018-09-01,28.3,86,5.1
2018-09-02,26.7,90,4.7
2018-09-03,26.7,90,4.2
2018-09-04,26.7,91,4.8
2018-09-05,27.7,85,8.4
2018-09-06,28.0,83,6.4
2018-09-07,27.9,88,6.8
2018-09-08,27.4,86,13.1
2018-09-09,27.0,83,14.1
2018-09-10,27.5,83,7.0
2018-09-11,27.8,84,8.4
2018-09-12,28.5,76,14.8
2018-09-13,28.5,71,13.6
2018-09-14,27.8,71,9.4
2018-09-15,27.9,70,8.6
2018-09-16,28.0,68,9.0
2018-09-17,28.1,71,7.8
2018-09-18,27.6,69,8.9
2018-09-19,27.7,69,8.8
2018-09-20,28.4,70,5.4
2018-09-21,27.2,78,13.2
2018-09-22,24.9,88,17.1
2018-09-23,25.4,89,20.6
2018-09-24,24.6,92,15.6
2018-09-25,25.2,85,13.2
2018-09-26,26.0,81,8.5
2018-09-27,27.0,77,5.5
2018-09-28,27.7,74,5.0
2018-09-29,27.2,74,5.5
2018-09-30,26.6,73,10.0
2018-10-01,26.6,72,8.9
2018-10-02,27.5,68,6.9
2018-10-03,26.9,65,5.5
2018-10-04,26.4,71,5.0
2018-10-05,26.4,72,5.2
2018-10-06,25.8,64,8.3
2018-10-07,25.3,67,7.1
2018-10-08,26.1,67,4.3
2018-10-09,26.2,72,9.1
2018-10-10,25.3,78,11.9
2018-10-11,24.1,80,10.2
2018-10-12,23.7,71,6.5
2018-10-13,23.2,66,7.9
2018-10-14,23.2,61,9.9
2018-10-15,24.4,58,6.7
2018-10-16,24.8,68,7.3
2018-10-17,25.0,68,7.1
2018-10-18,24.8,71,9.3
2018-10-19,25.3,60,6.4
2018-10-20,24.4,56,7.0
2018-10-21,23.4,54,8.8
2018-10-22,22.5,49,9.6
2018-10-23,23.0,48,7.7
2018-10-24,23.4,57,6.0
2018-10-25,23.2,59,6.7
2018-10-26,22.7,63,7.3
2018-10-27,23.3,61,7.3
2018-10-28,23.0,63,8.2
2018-10-29,22.8,64,7.5
2018-10-30,23.7,63,4.5
2018-10-31,23.8,63,4.8
2018-11-01,23.2,65,4.8
2018-11-02,23.5,67,7.1
2018-11-03,23.5,64,15.5
2018-11-04,22.3,61,8.9
2018-11-05,20.2,62,9.4
2018-11-06,20.0,50,13.2
2018-11-07,19.1,40,9.1
2018-11-08,20.1,49,4.3
2018-11-09,20.4,60,5.6
2018-11-10,20.8,63,4.7
2018-11-11,21.8,61,4.8
2018-11-12,21.5,68,6.0
2018-11-13,22.1,69,6.7
2018-11-14,21.5,72,7.3
2018-11-15,20.7,72,9.4
2018-11-16,19.1,61,14.5
2018-11-17,18.5,64,10.4
2018-11-18,19.8,64,7.0
2018-11-19,20.8,63,10.6
2018-11-20,20.5,72,7.1
2018-11-21,19.7,62,10.0
2018-11-22,19.6,58,5.9
2018-11-23,19.3,57,12.9
2018-11-24,19.3,53,14.9
2018-11-25,17.8,60,8.1
2018-11-26,18.5,66,8.6
2018-11-27,19.5,69,6.7
2018-11-28,19.6,72,5.1
2018-11-29,18.6,72,8.5
2018-11-30,18.3,69,9.6
2018-12-01,17.4,67,9.0
2018-12-02,17.8,58,5.3
2018-12-03,17.7,61,5.0
2018-12-04,17.3,66,6.0
2018-12-05,16.7,69,6.5
2018-12-06,17.0,67,5.7
2018-12-07,15.9,70,9.7
2018-12-08,15.4,70,7.3
2018-12-09,15.9,67,6.0
2018-12-10,15.5,72,8.0
2018-12-11,15.5,68,6.1
2018-12-12,14.6,76,8.7
2018-12-13,14.3,75,7.6
2018-12-14,14.0,70,8.6
2018-12-15,13.8,68,10.8
2018-12-16,13.4,67,8.7
2018-12-17,13.0,69,8.4
2018-12-18,12.9,66,10.3
2018-12-19,12.8,68,9.1
2018-12-20,12.4,68,7.3
2018-12-21,12.1,69,8.8
2018-12-22,11.9,70,6.5
2018-12-23,12.3,70,7.9
2018-12-24,13.2,66,7.3
2018-12-25,12.2,66,11.0
2018-12-26,11.9,63,8.0
2018-12-27,12.1,63,6.6
2018-12-28,11.5,67,12.6
2018-12-29,11.2,64,9.9
2018-12-30,13.2,61,4.8
2018-12-31,12.3,70,9.2
2019-01-01,12.7,71,7.1
2019-01-02,14.1,71,6.9
2019-01-03,13.4,70,9.9
2019-01-04,12.6,70,7.5
2019-01-05,13.4,69,11.9
2019-01-06,13.0,77,8.7
2019-01-07,12.4,77,8.3
2019-01-08,12.2,75,10.2
2019-01-09,12.6,69,12.8
2019-01-10,12.7,66,8.7
2019-01-11,12.9,68,6.9
2019-01-12,13.9,67,5.9
2019-01-13,14.5,72,7.5
2019-01-14,12.5,58,15.0
2019-01-15,11.5,56,13.2
2019-01-16,11.7,67,6.6
2019-01-17,12.7,71,7.5
2019-01-18,12.0,72,8.7
2019-01-19,14.4,67,7.1
2019-01-20,17.8,67,5.0
2019-01-21,16.2,80,14.8
2019-01-22,14.8,86,14.2
2019-01-23,13.2,84,6.4
2019-01-24,13.7,81,8.1
2019-01-25,12.1,79,8.3
2019-01-26,11.3,66,10.3
2019-01-27,10.1,66,11.7
2019-01-28,10.6,61,12.8
2019-01-29,11.1,60,12.5
2019-01-30,11.5,68,9.4
2019-01-31,13.0,69,11.4
2019-02-01,14.2,74,9.2
2019-02-02,12.9,80,10.2
2019-02-03,12.6,81,8.7
2019-02-04,14.2,73,6.6
2019-02-05,15.9,75,7.0
2019-02-06,17.1,84,12.2
2019-02-07,15.7,89,20.9
2019-02-08,12.7,71,9.1
2019-02-09,12.5,68,13.0
2019-02-10,12.4,72,7.4
2019-02-11,13.2,73,6.5
2019-02-12,15.2,75,5.2
2019-02-13,16.5,73,7.0
2019-02-14,16.3,83,14.8
2019-02-15,15.9,85,6.9
2019-02-16,14.4,85,8.2
2019-02-17,14.6,79,11.7
2019-02-18,16.3,71,11.2
2019-02-19,16.9,77,6.3
2019-02-20,17.0,82,12.5
2019-02-21,19.3,75,11.2
2019-02-22,17.9,72,15.2
2019-02-23,15.1,64,14.6
2019-02-24,15.4,66,9.1
2019-02-25,15.5,65,7.6
2019-02-26,15.6,67,11.7
2019-02-27,13.5,79,7.5
2019-02-28,13.1,70,9.4
2019-03-01,13.9,66,9.5
2019-03-02,15.0,73,6.0
2019-03-03,15.9,80,8.8
2019-03-04,16.9,80,7.9
2019-03-05,16.1,71,10.5
2019-03-06,16.7,63,10.7
2019-03-07,17.1,62,8.2
2019-03-08,18.6,58,7.9
2019-03-09,18.2,65,11.6
2019-03-10,17.7,54,9.3
2019-03-11,20.0,55,14.6
2019-03-12,19.6,57,10.9
2019-03-13,18.3,63,6.9
2019-03-14,17.2,72,11.1
2019-03-15,17.9,65,11.0
2019-03-16,18.1,57,10.5
2019-03-17,20.1,49,9.1
2019-03-18,20.7,49,7.0
2019-03-19,21.7,50,8.7
2019-03-20,23.3,47,14.4
2019-03-21,22.8,49,10.5
2019-03-22,22.0,40,13.2
2019-03-23,22.4,38,15.7
2019-03-24,24.1,45,12.9
2019-03-25,21.7,62,11.5
2019-03-26,22.3,57,11.2
2019-03-27,23.6,52,9.5
2019-03-28,26.0,52,8.2
2019-03-29,27.9,50,7.0
2019-03-30,27.0,54,7.4
2019-03-31,26.5,41,14.1
2019-04-01,25.5,33,13.7
2019-04-02,25.5,39,8.6
2019-04-03,26.3,39,9.4
2019-04-04,28.0,40,8.2
2019-04-05,29.4,41,7.1
2019-04-06,28.8,47,9.3
2019-04-07,28.2,54,10.1
2019-04-08,26.9,54,11.2
2019-04-09,28.4,47,8.1
2019-04-10,29.2,43,7.9
2019-04-11,30.4,36,8.3
2019-04-12,29.6,36,10.0
2019-04-13,29.9,38,12.0
2019-04-14,30.6,34,14.0
2019-04-15,31.1,31,11.5
2019-04-16,26.2,49,12.6
2019-04-17,21.8,73,11.6
2019-04-18,22.5,67,5.6
2019-04-19,24.5,53,9.0
2019-04-20,26.4,47,7.3
2019-04-21,28.7,39,9.3
2019-04-22,30.1,40,9.4
2019-04-23,32.1,34,8.5
2019-04-24,32.7,35,10.9
2019-04-25,33.0,36,11.1
2019-04-26,33.0,33,12.6
2019-04-27,33.5,22,18.9
2019-04-28,33.3,20,15.8
2019-04-29,33.6,19,10.5
2019-04-30,34.2,20,12.0
2019-05-01,33.0,25,8.9
2019-05-02,31.5,33,13.4
2019-05-03,31.0,33,9.7
2019-05-04,31.1,22,13.8
2019-05-05,31.1,19,14.1
2019-05-06,32.2,21,10.8
2019-05-07,32.3,20,13.3
2019-05-08,34.0,18,13.5
2019-05-09,34.2,19,17.1
2019-05-10,34.6,20,16.8
2019-05-11,32.3,29,13.1
2019-05-12,31.9,30,10.8
2019-05-13,32.4,30,8.3
2019-05-14,30.1,42,8.0
2019-05-15,30.3,45,7.3
2019-05-16,30.2,46,8.9
2019-05-17,28.3,57,7.2
2019-05-18,27.4,60,11.9
2019-05-19,30.1,43,10.8
2019-05-20,31.9,34,11.1
2019-05-21,32.6,31,10.6
2019-05-22,32.8,35,9.9
2019-05-23,33.1,37,8.3
2019-05-24,30.8,45,12.4
2019-05-25,31.1,39,15.3
2019-05-26,31.6,34,11.5
2019-05-27,33.7,27,12.0
2019-05-28,33.5,20,12.4
2019-05-29,34.7,20,10.5
2019-05-30,35.6,21,9.0
2019-05-31,36.8,20,10.8
2019-06-01,35.6,29,10.3
2019-06-02,35.5,40,13.8
2019-06-03,34.6,46,15.5
2019-06-04,34.8,42,14.4
2019-06-05,35.5,39,9.4
2019-06-06,35.6,37,11.2
2019-06-07,34.1,42,8.6
2019-06-08,35.5,33,8.1
2019-06-09,36.9,24,8.1
2019-06-10,37.2,23,7.9
2019-06-11,37.4,23,10.4
2019-06-12,34.6,44,11.6
2019-06-13,35.4,38,12.2
2019-06-14,36.0,29,15.2
2019-06-15,36.5,22,14.5
2019-06-16,33.8,43,20.4
2019-06-17,33.5,47,19.0
2019-06-18,30.5,55,8.7
2019-06-19,31.0,53,7.5
2019-06-20,31.8,48,7.1
2019-06-21,33.3,47,6.3
2019-06-22,34.7,38,8.9
2019-06-23,34.0,49,14.3
2019-06-24,31.5,60,10.5
2019-06-25,32.1,62,5.4
2019-06-26,34.8,48,8.6
2019-06-27,34.6,40,11.8
2019-06-28,35.5,38,13.3
2019-06-29,36.3,36,12.9
2019-06-30,36.8,35,11.7
2019-07-01,36.0,42,6.8
2019-07-02,35.7,46,9.1
2019-07-03,33.7,56,11.5
2019-07-04,33.0,60,10.4
2019-07-05,31.0,72,5.9
2019-07-06,31.0,69,7.9
2019-07-07,31.1,69,4.6
2019-07-08,31.9,68,5.3
2019-07-09,30.7,72,8.7
2019-07-10,31.0,74,9.1
2019-07-11,33.4,57,15.2
2019-07-12,33.4,51,13.6
2019-07-13,34.1,47,19.6
2019-07-14,32.9,52,15.9
2019-07-15,29.7,72,10.0
2019-07-16,26.6,89,9.2
2019-07-17,27.2,85,6.8
2019-07-18,27.5,82,5.0
2019-07-19,29.4,79,4.6
2019-07-20,30.0,80,6.7
2019-07-21,29.7,81,7.8
2019-07-22,30.4,80,6.3
2019-07-23,31.6,77,6.2
2019-07-24,31.5,74,9.2
2019-07-25,27.6,86,6.6
2019-07-26,27.2,87,10.4
2019-07-27,26.6,90,13.5
2019-07-28,28.1,86,14.2
2019-07-29,29.2,79,14.4
2019-07-30,28.9,78,12.4
2019-07-31,29.0,78,9.7
2019-08-01,29.3,82,9.2
2019-08-02,28.7,85,7.1
2019-08-03,28.3,88,8.2
2019-08-04,28.9,87,4.3
2019-08-05,29.2,86,5.7
2019-08-06,27.9,89,8.6
2019-08-07,28.2,88,5.6
2019-08-08,30.1,78,9.2
2019-08-09,29.3,75,21.4
2019-08-10,28.8,80,18.8
2019-08-11,29.5,79,7.9
2019-08-12,29.3,80,9.3
2019-08-13,29.1,84,9.0
2019-08-14,28.3,88,4.0
2019-08-15,29.0,82,14.0
2019-08-16,27.9,84,17.3
2019-08-17,26.1,90,20.7
2019-08-18,26.8,87,10.1
2019-08-19,28.0,84,5.0
2019-08-20,28.5,82,9.6
2019-08-21,29.3,78,9.9
2019-08-22,28.6,84,6.3
2019-08-23,29.2,82,3.5
2019-08-24,29.1,83,5.8
2019-08-25,27.5,88,8.2
2019-08-26,28.8,83,8.6
2019-08-27,29.8,80,6.3
2019-08-28,30.4,78,8.4
2019-08-29,30.1,80,9.1
2019-08-30,30.1,81,5.1
2019-08-31,30.5,78,5.4
2019-09-01,28.6,86,10.0
2019-09-02,29.5,83,4.2
2019-09-03,30.2,80,5.1
2019-09-04,29.0,85,8.9
2019-09-05,29.4,82,7.8
2019-09-06,29.7,81,7.8
2019-09-07,28.8,85,9.1
2019-09-08,29.1,83,6.3
2019-09-09,30.1,78,4.9
2019-09-10,30.6,74,5.5
2019-09-11,31.2,73,5.8
2019-09-12,30.2,79,13.4
2019-09-13,29.8,77,10.8
2019-09-14,28.7,79,12.1
2019-09-15,28.1,83,8.3
2019-09-16,29.3,81,5.4
2019-09-17,29.2,80,7.8
2019-09-18,28.5,80,11.2
2019-09-19,26.9,80,12.7
2019-09-20,27.0,83,7.0
2019-09-21,27.8,80,6.1
2019-09-22,27.1,83,8.7
2019-09-23,26.7,81,8.0
2019-09-24,27.0,80,8.6
2019-09-25,27.2,81,11.3
2019-09-26,27.6,76,15.9
2019-09-27,26.6,78,13.0
2019-09-28,25.5,83,12.8
2019-09-29,25.0,84,11.7
2019-09-30,25.3,83,7.9
2019-10-01,25.1,85,7.5
2019-10-02,26.5,80,5.3
2019-10-03,27.5,73,4.5
2019-10-04,26.1,72,8.2
2019-10-05,26.1,66,10.4
2019-10-06,26.4,62,8.2
2019-10-07,26.3,62,10.9
2019-10-08,26.4,57,7.0
2019-10-09,25.5,61,6.3
2019-10-10,26.4,59,5.9
2019-10-11,26.6,54,5.7
2019-10-12,27.3,57,6.6
2019-10-13,27.7,52,6.8
2019-10-14,27.0,58,7.5
2019-10-15,27.1,62,6.2
2019-10-16,27.6,58,6.3
2019-10-17,27.0,61,7.4
2019-10-18,26.4,65,8.9
2019-10-19,25.5,67,5.8
2019-10-20,25.7,49,9.3
2019-10-21,25.0,51,10.8
2019-10-22,24.4,48,12.0
2019-10-23,24.4,54,8.5
2019-10-24,24.2,65,6.7
2019-10-25,24.4,63,7.2
2019-10-26,24.5,61,6.2
2019-10-27,24.5,58,9.2
2019-10-28,24.1,59,7.5
2019-10-29,24.4,65,5.6
2019-10-30,25.4,64,7.7
2019-10-31,24.3,66,7.9
2019-11-01,24.8,65,6.7
2019-11-02,24.4,69,9.3
2019-11-03,23.8,71,9.1
2019-11-04,23.7,63,12.6
2019-11-05,22.9,57,12.5
2019-11-06,23.3,59,7.8
2019-11-07,22.1,71,9.7
2019-11-08,21.9,74,7.1
2019-11-09,21.8,60,11.2
2019-11-10,20.8,60,9.5
2019-11-11,20.3,59,8.4
2019-11-12,19.6,62,8.2
2019-11-13,20.7,67,7.0
2019-11-14,21.4,69,6.6
2019-11-15,21.0,72,9.0
2019-11-16,21.9,64,14.0
2019-11-17,21.7,61,18.4
2019-11-18,19.9,64,12.6
2019-11-19,19.4,66,9.3
2019-11-20,19.1,65,5.8
2019-11-21,19.6,67,7.1
2019-11-22,20.6,65,6.6
2019-11-23,20.6,62,10.6
2019-11-24,20.7,64,11.1
2019-11-25,20.0,67,6.6
2019-11-26,20.1,67,9.5
2019-11-27,19.7,68,7.1
2019-11-28,18.3,83,13.4
2019-11-29,17.7,82,6.1
2019-11-30,17.0,78,8.8
2019-12-01,15.5,74,8.5
2019-12-02,15.4,70,9.8
2019-12-03,15.1,66,10.8
2019-12-04,15.3,72,6.4
2019-12-05,15.4,74,6.6
2019-12-06,15.4,82,6.5
2019-12-07,16.0,79,5.7
2019-12-08,15.7,79,6.9
2019-12-09,15.3,73,6.2
2019-12-10,15.1,70,7.4
2019-12-11,15.7,71,6.1
2019-12-12,15.6,78,13.3
2019-12-13,15.1,87,12.3
2019-12-14,13.0,85,5.0
2019-12-15,13.2,80,8.1
2019-12-16,12.4,80,10.2
2019-12-17,11.8,80,10.1
2019-12-18,11.9,78,9.4
2019-12-19,11.5,80,5.4
2019-12-20,13.0,79,5.1
2019-12-21,13.4,81,6.2
2019-12-22,12.5,84,10.1
2019-12-23,11.8,82,10.5
2019-12-24,9.6,90,6.2
2019-12-25,8.7,87,9.7
2019-12-26,8.4,84,11.2
2019-12-27,7.3,88,7.2
2019-12-28,6.7,90,6.5
2019-12-29,7.3,86,5.2
2019-12-30,6.9,89,6.8
2019-12-31,7.6,78,6.8
2020-01-01,10.0,79,8.1
2020-01-02,12.9,79,8.6
2020-01-03,14.0,78,6.5
2020-01-04,13.4,82,5.4
2020-01-05,13.3,74,9.1
2020-01-06,13.5,76,6.7
2020-01-07,14.0,83,9.8
2020-01-08,12.8,92,9.2
2020-01-09,10.5,78,12.0
2020-01-10,10.1,77,11.7
2020-01-11,10.3,77,9.3
2020-01-12,11.8,78,8.4
2020-01-13,14.6,83,10.5
2020-01-14,14.0,86,8.6
2020-01-15,12.4,83,8.6
2020-01-16,12.4,90,7.7
2020-01-17,13.0,88,7.6
2020-01-18,12.5,89,6.3
2020-01-19,11.7,82,9.3
2020-01-20,12.1,84,8.2
2020-01-21,12.9,86,5.8
2020-01-22,12.5,82,10.1
2020-01-23,12.5,66,17.9
2020-01-24,12.8,60,17.7
2020-01-25,11.8,74,7.7
2020-01-26,13.6,79,7.0
2020-01-27,14.0,77,8.2
2020-01-28,14.2,83,13.2
2020-01-29,13.3,82,6.6
2020-01-30,12.6,77,11.2
2020-01-31,12.1,74,9.3
2020-02-01,12.3,74,7.7
2020-02-02,11.7,76,10.1
2020-02-03,12.0,74,8.3
2020-02-04,13.0,74,8.1
2020-02-05,12.9,74,10.3
2020-02-06,11.7,75,8.2
2020-02-07,12.7,71,6.7
2020-02-08,12.4,75,8.5
2020-02-09,12.8,75,8.0
2020-02-10,13.2,73,9.1
2020-02-11,13.5,73,8.6
2020-02-12,15.9,68,13.2
2020-02-13,19.2,57,18.9
2020-02-14,18.5,51,21.6
2020-02-15,17.5,47,16.4
2020-02-16,17.1,60,10.2
2020-02-17,17.5,56,10.8
2020-02-18,17.0,48,13.4
2020-02-19,18.2,54,14.9
2020-02-20,20.0,62,20.1
2020-02-21,16.2,84,18.2
2020-02-22,17.8,79,8.8
2020-02-23,17.5,82,7.2
2020-02-24,17.6,78,8.0
2020-02-25,18.0,74,9.2
2020-02-26,18.6,74,6.6
2020-02-27,19.1,76,8.1
2020-02-28,20.3,74,15.8
2020-02-29,18.7,82,14.8
2020-03-01,19.1,80,8.6
2020-03-02,19.7,78,6.2
2020-03-03,19.6,70,7.8
2020-03-04,19.2,72,8.6
2020-03-05,18.2,79,13.9
2020-03-06,16.4,86,18.2
2020-03-07,15.9,85,10.7
2020-03-08,16.5,79,7.2
2020-03-09,17.0,67,14.0
2020-03-10,17.1,68,6.4
2020-03-11,18.7,74,14.3
2020-03-12,19.6,67,13.2
2020-03-13,18.7,65,8.3
2020-03-14,16.4,82,10.2
2020-03-15,16.3,78,5.5
2020-03-16,18.0,75,9.6
2020-03-17,18.9,71,10.7
2020-03-18,20.4,67,11.0
2020-03-19,20.8,71,7.7
2020-03-20,21.2,69,8.1
2020-03-21,21.7,70,5.3
2020-03-22,22.0,68,8.1
2020-03-23,22.5,61,5.6
2020-03-24,23.6,64,7.4
2020-03-25,23.8,62,10.1
2020-03-26,23.5,61,12.7
2020-03-27,21.4,74,10.7
2020-03-28,21.3,69,10.5
2020-03-29,21.9,59,14.5
2020-03-30,21.9,55,12.1
2020-03-31,22.7,56,11.4
2020-04-01,23.9,56,7.4
2020-04-02,23.3,53,14.7
2020-04-03,22.4,44,12.0
2020-04-04,23.2,48,11.8
2020-04-05,24.0,53,9.0
2020-04-06,26.2,46,10.0
2020-04-07,25.0,46,13.7
2020-04-08,24.9,46,11.9
2020-04-09,24.4,46,10.6
2020-04-10,25.7,47,8.4
2020-04-11,27.7,42,8.1
2020-04-12,28.0,42,11.3
2020-04-13,29.3,41,10.9
2020-04-14,30.1,41,8.7
2020-04-15,30.4,38,10.2
2020-04-16,30.3,36,10.2
2020-04-17,29.6,34,12.7
2020-04-18,29.0,38,13.8
2020-04-19,27.9,43,9.8
2020-04-20,26.8,45,7.6
2020-04-21,26.1,51,8.4
2020-04-22,27.5,41,7.8
2020-04-23,28.9,38,10.1
2020-04-24,28.9,41,7.0
2020-04-25,28.5,43,8.1
2020-04-26,26.9,58,14.5
2020-04-27,25.4,69,16.4
2020-04-28,26.4,64,9.0
2020-04-29,28.6,55,7.2
2020-04-30,29.4,51,10.8
2020-05-01,30.5,54,10.7
2020-05-02,29.3,57,18.4
2020-05-03,27.7,64,13.7
2020-05-04,27.2,66,7.0
2020-05-05,28.8,50,7.7
2020-05-06,28.6,45,7.5
2020-05-07,28.6,44,10.3
2020-05-08,30.7,40,9.4
2020-05-09,31.6,41,9.9
2020-05-10,29.6,54,13.2
2020-05-11,29.1,57,11.2
2020-05-12,29.4,55,10.0
2020-05-13,29.7,55,7.7
2020-05-14,30.5,53,7.3
2020-05-15,31.4,41,12.2
2020-05-16,31.5,33,12.4
2020-05-17,31.8,32,8.8
2020-05-18,31.4,30,10.2
2020-05-19,32.1,22,7.8
2020-05-20,30.8,26,12.7
2020-05-21,32.2,26,13.7
2020-05-22,34.0,26,6.4
2020-05-23,34.6,28,8.8
2020-05-24,35.6,25,12.6
2020-05-25,35.7,22,12.8
2020-05-26,36.9,19,11.0
2020-05-27,36.5,21,9.9
2020-05-28,33.0,41,19.6
2020-05-29,30.1,58,20.7
2020-05-30,28.2,61,12.1
2020-05-31,26.8,69,7.6
2020-06-01,27.8,67,6.5
2020-06-02,29.0,62,6.5
2020-06-03,29.9,58,6.2
2020-06-04,29.6,57,7.1
2020-06-05,29.0,60,8.2
2020-06-06,29.5,58,7.6
2020-06-07,30.6,59,8.4
2020-06-08,30.8,60,6.9
2020-06-09,33.0,51,6.5
2020-06-10,33.7,52,7.5
2020-06-11,33.5,53,6.4
2020-06-12,33.8,52,9.0
2020-06-13,33.6,55,9.0
2020-06-14,33.6,56,8.6
2020-06-15,34.3,47,8.7
2020-06-16,33.8,48,9.4
2020-06-17,33.9,52,11.5
2020-06-18,34.6,50,10.1
2020-06-19,34.9,53,11.2
2020-06-20,33.7,54,12.0
2020-06-21,33.4,54,9.0
2020-06-22,31.9,61,7.2
2020-06-23,31.5,64,14.3
2020-06-24,30.3,72,11.7
2020-06-25,31.9,66,5.5
2020-06-26,32.4,65,10.0
2020-06-27,33.7,57,13.6
2020-06-28,35.0,51,13.9
2020-06-29,34.4,54,12.8
2020-06-30,32.2,63,12.2
2020-07-01,33.4,59,8.4
